{
  "project_info": {
    "project_number": "133331964887",
    "firebase_url": "https://exsb-gp2-default-rtdb.firebaseio.com",
    "project_id": "exsb-gp2",
    "storage_bucket": "exsb-gp2.appspot.com"
  },
  "client": [
    {
      "client_info": {
        "mobilesdk_app_id": "1:133331964887:android:9d1de25f67fa4fe51d7192",
        "android_client_info": {
          "package_name": "com.example.exsb_app_gp"
        }
      },
      "oauth_client": [
        {
          "client_id": "133331964887-70qro2ntnjiheph1beot9g7k3tmnosus.apps.googleusercontent.com",
          "client_type": 3
        }
      ],
      "api_key": [
        {
          "current_key": "AIzaSyD4sdLjCX7ame0pNGOct6Brxffqs3HeNQ4"
        }
      ],
      "services": {
        "appinvite_service": {
          "other_platform_oauth_client": [
            {
              "client_id": "133331964887-70qro2ntnjiheph1beot9g7k3tmnosus.apps.googleusercontent.com",
              "client_type": 3
            }
          ]
        }
      }
    }
  ],
  "configuration_version": "1"
}